Name,RAP,Price,Percent_off,Profit,Date_logged
Dominus Praefectus,1084743,1230, 100%,758090, 2025-09-18 14:25:27.860290
BFF Key,314439,120, 100%,219987, 2025-09-15 07:04:54.359688
Daemonshank,251296,149999, 40%,25908, 2025-10-13 14:02:41.729735
Ruler of Light,28929,95, 100%,20155, 2025-09-02 18:55:19.372315
Ruler of Light,28929,95, 100%,20155, 2025-09-02 18:55:24.048626
8-Bit Royal Crown,22089,95, 100%,15367, 2025-09-08 08:56:12.619364
8-Bit Royal Crown,19120,95, 100%,13289, 2025-08-30 14:41:03.082685
8-Bit Royal Crown,18828,100, 99%,13079, 2025-08-20 18:28:36.595003
8-Bit Royal Crown,18284,100, 99%,12698, 2025-08-25 20:07:44.556429
Noir Periastron Psi,160839,100000, 38%,12587, 2025-09-25 03:44:02.746048
Noir Periastron Psi,160839,100000, 38%,12587, 2025-09-25 03:44:15.945261
8-Bit Royal Crown,17761,95, 99%,12337, 2025-09-01 00:05:21.655805
Pink Mermaid Princess,14021,12, 100%,9802, 2025-10-08 18:23:10.003200
Pink Mermaid Princess,14021,12, 100%,9802, 2025-10-08 18:23:15.449145
Pink Mermaid Princess,14021,12, 100%,9802, 2025-10-08 18:23:19.959607
8-Bit Royal Crown,20103,7000, 65%,7072, 2025-09-20 03:58:47.613365
8-Bit Royal Crown,20103,7000, 65%,7072, 2025-09-20 03:58:56.194236
Blue Wistful Wink,11131,1100, 90%,6691, 2025-09-19 15:05:23.784377
So Super Excited - Blue,9492,4, 100%,6640, 2025-08-25 23:21:16.537217
Sk14r,11300,1557, 86%,6352, 2025-09-25 05:41:59.207663
Orange Ninja Headband of All Earth's Fire,37484,20000, 47%,6238, 2025-10-13 20:21:03.752055
Goldrow,8709,100, 25%,5996, 2025-09-25 11:19:24.614002
Tailflipped Hat,16150,5695, 65%,5610, 2025-09-16 04:07:39.512972
Knights of the Splintered Skies: Wind Summoner,34823,19000, 45%,5376, 2025-09-23 00:47:59.943156
Saber Boss Egg,7329,188, 97%,4942, 2025-08-20 14:57:55.055421
Silver Cyborg Face Gear,20674,10000, 52%,4471, 2025-09-18 14:54:25.754004
Party Fedora,6260,95, 20%,4287, 2025-09-13 13:25:46.614754
Minty Fresh Fedora,14582,6000, 59%,4207, 2025-08-29 22:17:10.886314
Minty Fresh Fedora,14582,6000, 59%,4207, 2025-08-29 22:17:18.940673
Sugar Shades,5895,100, 24%,4026, 2025-09-20 07:36:41.552324
Catrin Dia de Muertos Mask,5538,95, 19%,3781, 2025-09-26 04:08:51.859281
Silverthorn Antlers,6317,1000, 84%,3421, 2025-09-29 18:12:35.760877
Black Iron Antlers,9434,3300, 65%,3303, 2025-10-03 22:38:31.965669
Saber Boss Egg,4276,95, 18%,2898, 2025-09-14 16:05:07.358372
Perfectly Legitimate Business Hat,4135,95, 98%,2799, 2025-10-13 20:16:58.973423
Perfectly Legitimate Business Hat,4135,95, 98%,2799, 2025-10-13 20:17:08.177229
Boo Visor,6622,2000, 70%,2635, 2025-09-26 12:30:25.910655
Rocket Eggscape,3826,95, 24%,2583, 2025-09-16 19:01:23.863361
Vanishing Ninja Star,5850,1555, 73%,2539, 2025-08-31 08:33:36.955559
Halloween Headrow 2011,17866,10000, 44%,2506, 2025-08-18 13:01:18.091995
Halloween Headrow 2011,17866,10000, 44%,2506, 2025-08-18 13:01:25.576401
Halloween Headrow 2011,17866,10000, 44%,2506, 2025-08-18 13:01:33.094614
Halloween Headrow 2011,17866,10000, 44%,2506, 2025-08-18 13:01:40.913386
Tiger Egg,3656,95, 19%,2464, 2025-09-24 05:09:40.977194
Epic Egg,3656,95, 19%,2464, 2025-09-24 07:22:24.058973
Traffic Cone,3570,95, 97%,2404, 2025-09-23 04:50:33.411375
Traffic Cone,3502,100, 97%,2351, 2025-09-17 05:14:11.119404
Monster Friend,20395,12000, 41%,2276, 2025-10-06 20:23:43.358593
Snow Queen Smile,10364,5000, 52%,2254, 2025-08-23 21:52:49.385057
Snow Queen Smile,10364,5000, 52%,2254, 2025-08-23 21:53:01.187838
Holo Vestiges,5131,1400, 73%,2191, 2025-09-09 20:28:31.808740
Omega Rainbow Helmet,10201,5000, 51%,2140, 2025-10-08 19:21:29.360491
Omega Rainbow Helmet,10201,5000, 51%,2140, 2025-10-08 19:21:51.749610
8-Bit Royal Crown,23054,14000, 39%,2137, 2025-09-29 22:15:33.758274
Gold Clockwork Headphones,5124,1500, 71%,2086, 2025-10-03 22:38:08.513547
Tasteless Bow Tie,9969,5000, 50%,1978, 2025-10-05 19:54:26.744653
Tasteless Bow Tie,9969,5000, 50%,1978, 2025-10-05 19:54:34.157926
Tasteless Bow Tie,9969,5000, 50%,1978, 2025-10-05 19:54:41.055538
8-Bit HP Bar,11329,6000, 47%,1930, 2025-09-13 15:15:51.510789
8-Bit HP Bar,11329,6000, 47%,1930, 2025-09-13 15:15:54.131149
Green Wistful Wink,16816,10000, 41%,1771, 2025-09-05 08:47:14.253074
Green Wistful Wink,16816,10000, 41%,1771, 2025-09-05 08:47:19.871648
Green Wistful Wink,16816,10000, 41%,1771, 2025-09-05 08:47:24.332016
Eggraging Shark of the Sea,2593,100, 28%,1715, 2025-09-26 08:38:19.757621
8-Bit Tabby Cat,6577,3000, 54%,1603, 2025-09-24 09:57:14.515102
8-Bit Royal Crown,22016,14000, 36%,1411, 2025-09-26 23:41:43.116880
8-Bit Royal Crown,22016,14000, 36%,1411, 2025-09-26 23:41:53.908721
Grand Master Knight,5535,2500, 55%,1374, 2025-09-08 08:26:22.795903
Grand Master Knight,5535,2500, 55%,1374, 2025-09-08 08:26:27.701531
Grand Master Knight,5535,2500, 55%,1374, 2025-09-08 08:26:32.152967
The Luck O' the Irish,9102,5000, 45%,1371, 2025-09-18 16:05:17.874954
The Luck O' the Irish,9102,5000, 45%,1371, 2025-09-18 16:05:26.472024
The Riddling Skull,6091,3000, 51%,1263, 2025-08-18 08:38:35.842273
Epic Smiley,24591,16000, 35%,1213, 2025-10-01 20:33:08.603141
Epic Smiley,24591,16000, 35%,1213, 2025-10-01 20:33:14.514978
Tereggcotta Flower Pot,2456,528, 79%,1191, 2025-08-22 13:46:29.474973
Classic ROBLOX Viking Helm,14514,9000, 38%,1159, 2025-09-16 16:29:46.532983
Classic ROBLOX Viking Helm,14514,9000, 38%,1159, 2025-09-16 16:30:06.562534
Bighead,3639,1500, 59%,1047, 2025-09-15 13:38:46.721565
Shaggy,1592,70, 96%,1044, 2025-10-09 16:31:54.169359
Cursed Mummy Friend,22186,14500, 35%,1030, 2025-09-05 20:55:10.518932
Cursed Mummy Friend,22186,14500, 35%,1030, 2025-09-05 20:55:19.832880
Cursed Mummy Friend,22186,14500, 35%,1030, 2025-09-05 20:55:28.128123
8-Bit Extra Life,5712,3000, 47%,998, 2025-10-09 21:09:19.773442
8-Bit Tabby Cat,7056,4000, 43%,939, 2025-09-17 23:51:19.797880
8-Bit Tabby Cat,7056,4000, 43%,939, 2025-09-17 23:51:27.006537
Lavender Amazeface,4763,2400, 50%,934, 2025-09-12 23:48:08.028808
Cyberforce Detective,2762,1000, 64%,933, 2025-09-10 19:20:55.435005
Cyberforce Detective,2762,1000, 64%,933, 2025-09-10 19:21:16.252408
Lavender Amazeface,4903,2500, 49%,932, 2025-09-05 11:23:50.094988
Violet Spring Butterfly Wings,7038,4000, 43%,926, 2025-09-17 10:51:16.584854
Violet Starry Sight,6169,3400, 45%,918, 2025-10-03 11:43:11.251129
8-Bit Tabby Cat,8437,5000, 41%,905, 2025-10-02 18:03:10.309294
8-Bit Tabby Cat,8437,5000, 41%,905, 2025-10-02 18:03:15.531789
Halloween Knightmare,3371,1469, 56%,890, 2025-09-21 02:51:18.664459
Halloween Knightmare,3371,1469, 56%,890, 2025-09-21 02:51:35.321557
Tee Vee,1979,499, 75%,886, 2025-09-15 21:32:54.196361
Sinister P.,5534,3000, 46%,873, 2025-09-15 22:42:27.590646
8-Bit Extra Life,5526,3000, 46%,868, 2025-10-03 09:35:54.448994
Performance Keychain,5514,3000, 46%,859, 2025-08-16 13:03:19.206625
Soldier Of The Fade,4745,2500, 47%,821, 2025-10-12 23:35:40.885067
Turbo Builders Club Hard Hat,1211,95, 92%,752, 2025-09-16 03:32:02.350271
Grand Master Knight,5333,3000, 44%,733, 2025-09-24 15:10:35.064604
A Darker Presence,3886,2000, 49%,720, 2025-10-08 18:33:28.008826
A Darker Presence,3886,2000, 49%,720, 2025-10-08 18:33:42.014017Omega Rainbow Helmet
Outrageous Builders Club Hard Hat,1295,200, 85%,706, 2025-10-07 14:51:19.135404
Firebrand Wings,15273,10000, 35%,691, 2025-10-04 23:35:30.360178
Firebrand Wings,15273,10000, 35%,691, 2025-10-04 23:35:35.888866
Grand Master Knight,5232,3000, 43%,662, 2025-09-13 16:12:15.649986
Grand Master Knight,5232,3000, 43%,662, 2025-09-13 16:12:23.675536
8-Bit Tabby Cat,6012,3555, 41%,653, 2025-08-31 15:39:34.115091
Tailflipped Hat,2841,1337, 53%,651, 2025-09-24 16:08:54.834873
Sk14r,1467,400, 73%,626, 2025-09-19 15:53:06.134234
Royal Rabbit Ears,1314,303, 77%,616, 2025-09-25 04:40:24.609455
2009 Graduation Cap,1021,99, 90%,615, 2025-09-14 12:14:09.012505
Black Iron Branches,1161,200, 83%,612, 2025-09-20 06:26:46.504304
Black Iron Branches,1161,200, 83%,612, 2025-09-20 06:26:53.847007
Seranok's Golden Chalice of Fame,11566,7500, 35%,596, 2025-09-15 03:14:41.846587
Toothy Cap,2270,1000, 56%,589, 2025-09-25 16:54:15.070659
Red Goof,3696,2000, 46%,587, 2025-09-15 20:24:31.557877
Red Goof,3696,2000, 46%,587, 2025-09-15 20:24:42.986308
Dark Tidings,7633,4764, 38%,579, 2025-08-31 08:55:59.915196
Achievement Medal,5103,3000, 41%,572, 2025-09-29 20:25:49.551018
Achievement Medal,5103,3000, 41%,572, 2025-09-29 20:25:56.770637
Gold Clockwork Headphones,5069,3000, 41%,548, 2025-09-08 14:30:25.459302
Gold Clockwork Headphones,5069,3000, 41%,548, 2025-09-08 14:30:31.876551
Gold Clockwork Headphones,5069,3000, 41%,548, 2025-09-08 14:30:36.218155
Gold Clockwork Headphones,5069,3000, 41%,548, 2025-09-08 14:30:40.772903
Gold Clockwork Headphones,5069,3000, 41%,548, 2025-09-08 14:30:45.071055
Holo Vestiges,2853,1450, 49%,547, 2025-09-09 20:39:36.656913
Keytar Sword,2189,1000, 54%,532, 2025-09-21 21:56:42.981829
Blizzard Beast Mode Bandana,2736,1400, 49%,515, 2025-10-01 18:25:33.560312
Red Goof,3586,2000, 44%,510, 2025-09-30 19:56:33.612166
Red Goof,3586,2000, 44%,510, 2025-09-30 19:56:42.657452
Void Spill,2155,1000, 54%,508, 2025-09-23 13:01:05.709779
Telamon's Crafting Jewel,4297,2500, 42%,507, 2025-10-07 17:15:39.969473
Telamon's Crafting Jewel,4297,2500, 42%,507, 2025-10-07 17:15:50.787653
Jungle Commando,7865,5000, 36%,505, 2025-09-24 01:29:24.257621
Jungle Commando,7865,5000, 36%,505, 2025-09-24 01:29:30.587986
Heat Vision Goggles,3637,2040, 44%,505, 2025-10-01 20:04:17.948228
Crazybot 10000,3575,2000, 44%,502, 2025-09-25 13:26:52.175309
Sinister Branches,2138,1000, 53%,496, 2025-09-30 15:38:25.964009
Sinister Branches,2138,1000, 53%,496, 2025-09-30 15:38:30.740137
Patriot Locator Top Hat,3559,2000, 44%,491, 2025-10-12 23:34:29.317799
Patriot Locator Top Hat,3559,2000, 44%,491, 2025-10-12 23:34:33.020081
Gentleman Patriot,2263,1100, 51%,484, 2025-09-08 16:21:42.698218
Pink Eye,1963,900, 54%,474, 2025-09-20 05:27:12.720487
For the Ages: George Washington,3534,2000, 43%,473, 2025-09-28 01:06:28.576503
For the Ages: George Washington,3534,2000, 43%,473, 2025-09-28 01:06:35.139736
For the Ages: George Washington,3534,2000, 43%,473, 2025-09-28 01:06:41.459308
For the Ages: George Washington,3534,2000, 43%,473, 2025-09-28 01:06:59.650648
Danger's Minion,3818,2200, 42%,472, 2025-09-02 23:45:31.433173
Danger's Minion,3818,2200, 42%,472, 2025-09-02 23:45:36.616282
Danger's Minion,3818,2200, 42%,472, 2025-09-02 23:45:40.919982
Danger's Minion,3818,2200, 42%,472, 2025-09-02 23:45:45.220880
Gnome,3513,2000, 43%,459, 2025-08-25 00:00:01.318840
Gold Clockwork Headphones,4939,3000, 39%,457, 2025-09-17 14:05:15.079447
Gold Clockwork Headphones,4939,3000, 39%,457, 2025-09-17 14:05:24.609273
Kuddle E. Koala,784,95, 88%,453, 2025-09-17 21:35:36.304509
Keytar Sword,2070,999, 52%,450, 2025-09-24 01:53:01.436998
Manicbot 10000,3458,2000, 42%,420, 2025-08-25 12:27:26.601042
Manicbot 10000,3458,2000, 42%,420, 2025-08-25 12:27:34.862886
Bucket of the Sea,3740,2199, 41%,419, 2025-10-03 13:10:30.579229
Bucket of the Sea,3740,2199, 41%,419, 2025-10-03 13:10:38.220352
Emerald Eye,7310,4700, 36%,417, 2025-09-04 23:15:57.435041
Sinister Branches,1953,950, 51%,417, 2025-09-02 22:53:48.470087
Recycled Cardboard Shades,3022,1700, 44%,415, 2025-09-19 02:03:20.309793
Blizzard Beast Mode Bandana,2737,1500, 45%,415, 2025-09-14 22:51:23.330688
Blizzard Beast Mode Bandana,2737,1500, 45%,415, 2025-09-14 22:51:30.043982
Candy Cane Launcher,3876,2300, 41%,413, 2025-09-28 02:37:11.859758
Candy Cane Launcher,3876,2300, 41%,413, 2025-09-28 02:37:16.893970
Candy Cane Launcher,3876,2300, 41%,413, 2025-09-28 02:37:20.996462
Noob Assist: Gingerbread Gratitude,726,95, 87%,413, 2025-10-12 20:49:49.205285
Sk14r,722,95, 87%,410, 2025-09-15 18:30:24.715795
Sk14r,722,95, 87%,410, 2025-09-15 18:30:43.203115
Subterranean Egg,877,208, 76%,405, 2025-09-12 11:10:09.528952
Black Tricorne,2689,1500, 44%,382, 2025-10-01 18:00:42.205071
Black Tricorne,2689,1500, 44%,382, 2025-10-01 18:00:48.069738
Black Tricorne,2689,1500, 44%,382, 2025-10-01 18:00:57.848429
Kuddle E. Koala,1255,500, 60%,378, 2025-09-17 21:25:27.380399
Merely's Green Sparkle Time Hoverboard,7677,5000, 35%,373, 2025-09-19 06:29:14.265040
Jeggyfish Friends,666,95, 86%,371, 2025-09-25 00:05:27.279590
Omega Rainbow Fedora,2243,1200, 47%,370, 2025-10-02 21:48:03.237314
Halloween 2011 Paintball Cap,1101,400, 64%,370, 2025-09-18 11:11:47.861479
8-Bit Tabby Cat,7670,5000, 35%,369, 2025-10-01 21:20:40.942962
8-Bit Tabby Cat,7670,5000, 35%,369, 2025-10-01 21:21:00.687512
Red Monster League Baseball Cap,1098,400, 64%,368, 2025-10-05 16:25:41.215209
Tickets Tie,610,60, 90%,367, 2025-09-17 06:48:36.555010
Iceworld Smuggler,3373,2000, 41%,361, 2025-09-26 05:08:01.297805
Iceworld Smuggler,3373,2000, 41%,361, 2025-09-26 05:08:15.390971
Dr. Spooks Magic Top Hat,1371,600, 56%,359, 2025-10-03 22:39:05.417073
Black Iron Branches,1483,681, 54%,357, 2025-10-05 17:01:01.853811
Magented Masked Saboteur,4081,2500, 39%,356, 2025-09-16 23:48:26.443867
Staff of the Raging Storm,3080,1800, 42%,356, 2025-08-19 19:36:41.184769
8-Bit Roblox Coin,4789,3000, 37%,352, 2025-09-14 21:52:05.733977
8-Bit Roblox Coin,4789,3000, 37%,352, 2025-09-14 21:52:12.518362
Sparkle Time Heggphones,2311,1267, 45%,350, 2025-09-25 17:59:54.201504
Outrageous Builders Club Hard Hat,1343,600, 55%,340, 2025-10-04 21:24:35.618282
Cleopatra,3181,1888, 41%,338, 2025-09-21 02:47:25.665579
Cleopatra,3181,1888, 41%,338, 2025-09-21 02:47:38.335468
Cleopatra,3181,1888, 41%,338, 2025-09-21 02:48:17.677100
Yellow Dealy Boppers,3336,2000, 40%,335, 2025-09-08 15:53:24.026157
Yellow Dealy Boppers,3336,2000, 40%,335, 2025-09-08 15:53:29.032496
Yellow Dealy Boppers,3336,2000, 40%,335, 2025-09-08 15:53:35.065620
Yellow Dealy Boppers,3336,2000, 40%,335, 2025-09-08 15:53:39.488427
Tailflipped Hat,3337,2000, 40%,335, 2025-09-14 12:29:30.005352
Tailflipped Hat,3337,2000, 40%,335, 2025-09-14 12:29:47.170025
Evil Vizer,3826,2350, 39%,328, 2025-09-16 19:20:00.552619
2010 Roman Candle,3182,1900, 40%,327, 2025-09-16 19:41:57.062466
2010 Roman Candle,3182,1900, 40%,327, 2025-09-16 19:42:06.940057
Business Cat,1063,419, 61%,325, 2025-09-18 08:46:16.195749
Performance Keychain,4604,2900, 37%,322, 2025-09-07 23:13:23.700579
Arctic Hood,595,95, 84%,321, 2025-09-09 15:46:46.874872
Anime Hair,2593,1500, 42%,315, 2025-09-26 09:08:10.160321
Anime Hair,2593,1500, 42%,315, 2025-09-26 09:08:17.772934
Anime Hair,2593,1500, 42%,315, 2025-09-26 09:08:21.979888
Anime Hair,2593,1500, 42%,315, 2025-09-26 09:08:27.897812
Take a Chance,1876,1000, 47%,313, 2025-09-06 20:19:31.342926
Dark Northern Conqueror,6156,4000, 35%,309, 2025-09-28 05:53:34.089792
Dark Northern Conqueror,6156,4000, 35%,309, 2025-09-28 05:53:41.439260
Silver Tetramino of Accomplishment,2585,1500, 42%,309, 2025-09-05 15:41:06.957820
Silver Tetramino of Accomplishment,2585,1500, 42%,309, 2025-09-05 15:41:13.524032
Silver Tetramino of Accomplishment,2585,1500, 42%,309, 2025-09-05 15:41:18.377916
Tickets Tie,520,55, 89%,309, 2025-10-01 21:25:16.041622
8-Bit Tabby Cat,6150,4000, 35%,305, 2025-09-14 21:56:08.065716
8-Bit Tabby Cat,6150,4000, 35%,305, 2025-09-14 21:56:33.008820
Sk9r Boi,1719,900, 48%,303, 2025-10-01 22:31:39.231373
Sk9r Boi,1719,900, 48%,303, 2025-10-01 22:31:44.643780
Noob Assist: Marvelous Mom,1850,1000, 46%,295, 2025-09-07 13:58:03.022866
Noob Assist: Marvelous Mom,1850,1000, 46%,295, 2025-09-07 13:58:12.751532
Tickets Tie,636,150, 76%,295, 2025-10-13 10:50:42.137227
Tickets Tie,636,150, 76%,295, 2025-10-13 10:50:45.898562
Double Rainbow,703,200, 72%,292, 2025-09-07 09:44:57.618614
Blue 8-Bit Antlers,3269,2000, 39%,288, 2025-09-06 23:05:06.470277
Blue 8-Bit Antlers,3269,2000, 39%,288, 2025-09-06 23:05:11.778370
Blue 8-Bit Antlers,3269,2000, 39%,288, 2025-09-06 23:05:16.113137
Green Amazeface,4698,3000, 36%,288, 2025-10-13 20:47:26.866086
The Awe Star,2551,1500, 41%,285, 2025-09-26 05:09:46.216722
Shaggy,1544,800, 48%,280, 2025-09-17 14:08:27.311322
Crossroads Sugar Egg,544,100, 82%,280, 2025-09-26 03:46:08.849984
Master Incinerator,3257,2000, 39%,279, 2025-09-24 15:09:04.005984
Skull of Robloxians Past,2684,1600, 40%,278, 2025-08-18 21:31:13.459651
Egg Tie 2011,1965,1100, 44%,275, 2025-09-08 15:51:21.180203
Egg Tie 2011,1965,1100, 44%,275, 2025-09-08 15:51:28.332361
Egg Tie 2011,1965,1100, 44%,275, 2025-09-08 15:51:32.615046
Silver Tetramino of Accomplishment,2318,1350, 42%,272, 2025-09-14 19:34:10.731494
Silver Tetramino of Accomplishment,2318,1350, 42%,272, 2025-09-14 19:34:15.352497
Silver Tetramino of Accomplishment,2318,1350, 42%,272, 2025-09-14 19:34:18.887501
Black Iron Branches,1390,700, 50%,272, 2025-09-28 02:49:23.975829
Inkwell Egg,660,190, 71%,271, 2025-09-21 03:15:31.967612
Omega Rainbow Top Hat,1238,600, 52%,266, 2025-08-20 21:24:19.298145
Zombie Headrow,5378,3500, 35%,264, 2025-09-11 20:07:41.661732
Zombie Headrow,5378,3500, 35%,264, 2025-09-11 20:08:04.183766
Sparkle Time Heggphones,1807,1000, 45%,264, 2025-10-06 22:34:50.392374
Sparkle Time Heggphones,1807,1000, 45%,264, 2025-10-06 22:34:55.747096
Vicious Egg of Singularity,1518,800, 47%,262, 2025-09-08 15:57:16.670112
Vicious Egg of Singularity,1518,800, 47%,262, 2025-09-08 15:57:21.580767
Vicious Egg of Singularity,1518,800, 47%,262, 2025-09-08 15:57:25.854850
Vicious Egg of Singularity,1518,800, 47%,262, 2025-09-08 15:57:30.309387
Vicious Egg of Singularity,1518,800, 47%,262, 2025-09-08 15:57:34.634450
Golden Bow Tie,4656,3000, 36%,259, 2025-09-26 01:44:43.977307
Overseer Overload Headphones,1798,1000, 44%,258, 2025-09-30 21:30:09.942429
Overseer Overload Headphones,1798,1000, 44%,258, 2025-09-30 21:30:14.645795
Take a Chance,1796,1000, 44%,257, 2025-09-25 15:57:25.142323
Infinite Vault Star-glasses,1082,500, 54%,257, 2025-08-30 20:16:56.832615
Infinite Vault Star-glasses,1082,500, 54%,257, 2025-09-19 23:03:32.268022
Gucci Dionysus Bag,1082,500, 54%,257, 2025-09-19 07:47:45.751319
Noob Attack: Crescendo Crusher,1224,600, 51%,256, 2025-10-07 19:21:22.301475
Tiny Tank Egg,596,166, 72%,251, 2025-09-21 03:11:08.656811
Tailflipped Hat,4641,3000, 35%,248, 2025-09-17 20:04:08.813426
Dangerous Eye Patch,1493,800, 46%,245, 2025-10-03 20:46:01.294597
A Darker Presence,4633,3000, 35%,243, 2025-09-17 00:31:44.205570
A Darker Presence,4633,3000, 35%,243, 2025-09-17 00:31:53.152468
Guardia in Exile,698,250, 64%,238, 2025-09-03 23:39:47.462729
Take a Chance,1762,1000, 43%,233, 2025-09-19 15:27:33.623933
Elton John - Elton Earring,469,95, 80%,233, 2025-09-24 16:08:00.762130
DarkAge Nunchuks,3187,2000, 37%,230, 2025-09-12 08:45:15.575628
DarkAge Nunchuks,3187,2000, 37%,230, 2025-09-12 08:45:24.309898
Black Iron Branches,1329,700, 47%,230, 2025-10-01 20:06:13.365003
Black Iron Branches,1329,700, 47%,230, 2025-10-01 20:06:19.120369
Black Iron Branches,1329,700, 47%,230, 2025-10-01 20:06:23.968667
Black Iron Branches,1329,700, 47%,230, 2025-10-01 20:06:28.933601
Tiny TankInkwell Egg,612,200, 67%,228, 2025-09-21 03:15:40.855549
Inkwell Egg,612,200, 67%,228, 2025-09-21 03:15:58.964253
Ancient Lucky Top Hat,1102,550, 50%,221, 2025-08-29 23:02:01.334897
Pirate Elf,1172,600, 49%,220, 2025-10-07 20:32:43.160644
Tixsplosion,1594,900, 44%,215, 2025-09-30 19:02:39.071135
Ultimate Victory,878,400, 54%,214, 2025-10-01 21:37:05.554435
Ultimate Victory,878,400, 54%,214, 2025-10-01 21:37:10.996471
Ultimate Victory,878,400, 54%,214, 2025-10-01 21:37:15.794674
White Ninja Headband of the Unimpeachable Soul,1732,1000, 42%,212, 2025-09-07 18:16:10.046074
Blizzard Beast Mode Bandana,3016,1900, 37%,211, 2025-08-19 18:35:54.259144
Starry Sleeping Cap,1440,800, 44%,207, 2025-09-09 15:14:24.151217
Starry Sleeping Cap,1440,800, 44%,207, 2025-09-09 15:14:30.311302
Brighteyes' Treasure Chest,3009,1900, 37%,206, 2025-09-05 15:43:35.850186
Recycled Cardboard Shades,3150,2000, 37%,205, 2025-09-17 23:30:19.122873
Recycled Cardboard Shades,3150,2000, 37%,205, 2025-09-17 23:30:25.067876
Sk14r,3574,2299, 36%,202, 2025-09-24 19:19:25.476889
Black Iron Branches,1290,700, 46%,202, 2025-09-06 20:42:04.421941
Crimson Demon-lite,998,500, 50%,198, 2025-09-18 15:39:41.671824
Sk14r,996,500, 50%,197, 2025-09-16 16:20:54.708599
Ultimate Victory,996,500, 50%,197, 2025-09-16 21:08:30.557442
Noob Attack: Crescendo Crusher,1279,700, 45%,195, 2025-09-29 19:13:40.746181
Noob Attack: Crescendo Crusher,1279,700, 45%,195, 2025-09-29 19:13:51.539216
Labor Day 2009 Gear Goggles,3133,2000, 36%,193, 2025-10-07 21:54:04.580356
Green Starface,3846,2500, 35%,192, 2025-09-05 11:47:41.623335
Green Starface,3846,2500, 35%,192, 2025-09-05 11:47:46.489171
Green Starface,3846,2500, 35%,192, 2025-09-05 11:47:50.942215
Panda Knit,2832,1795, 37%,187, 2025-10-03 23:06:04.897461
Adurite Bowler,1123,600, 47%,186, 2025-09-06 20:41:31.172435
Bombastic Shutter Shades,3546,2300, 35%,182, 2025-09-08 16:13:58.419394
Bombastic Shutter Shades,3546,2300, 35%,182, 2025-09-08 16:14:02.937375
Bombastic Shutter Shades,3546,2300, 35%,182, 2025-09-08 16:14:07.264536
Bombastic Shutter Shades,3546,2300, 35%,182, 2025-09-08 16:14:13.433477
Bombastic Shutter Shades,3546,2300, 35%,182, 2025-09-08 16:14:17.735423
Blue Goof,2903,1850, 36%,182, 2025-09-15 17:15:10.515574
Blue Goof,2903,1850, 36%,182, 2025-09-15 17:15:40.284038
Back to School for N00bs,3114,2000, 36%,179, 2025-09-14 22:22:03.243712
Back to School for N00bs,3114,2000, 36%,179, 2025-09-14 22:22:09.838269
Ethereal Ghost Egg,1113,600, 46%,179, 2025-10-06 21:53:09.749307
Swordpack,1823,1098, 40%,178, 2025-10-11 11:47:28.247730
Guardia in Exile,684,300, 56%,178, 2025-09-08 15:55:31.311509
Silver Tetramino of Accomplishment,2106,1300, 38%,174, 2025-09-24 14:05:33.302508
Silver Tetramino of Accomplishment,2106,1300, 38%,174, 2025-09-24 14:05:43.464113
Silver Tetramino of Accomplishment,2106,1300, 38%,174, 2025-09-24 14:05:53.388467
Infinite Vault Star-glasses,962,500, 48%,173, 2025-09-07 18:43:35.627222
Snow Leopard Fedora,748,350, 53%,173, 2025-08-31 23:38:30.914408
Vicious Egg of Singularity,1674,1000, 40%,171, 2025-09-05 17:52:25.017250
Vicious Egg of Singularity,1674,1000, 40%,171, 2025-09-05 17:52:40.663969
Vicious Egg of Singularity,1674,1000, 40%,171, 2025-09-05 17:52:45.562063
Mariah's Red Dress - Mariah Carey,959,500, 48%,171, 2025-10-06 21:40:16.737423
Benjamin Franklin,2953,1900, 36%,167, 2025-09-05 15:43:15.953174
Benjamin Franklin,2953,1900, 36%,167, 2025-09-05 15:43:20.906056
Benjamin Franklin,2953,1900, 36%,167, 2025-09-05 15:43:25.502245
Crystallized Power Mask,595,250, 58%,166, 2025-10-06 11:51:59.708416
Chill Cap,808,400, 50%,165, 2025-09-20 01:47:10.476687
Chaos Canyon Sugar Egg,370,95, 74%,164, 2025-10-06 21:53:56.353778
Chaos Canyon Sugar Egg,370,95, 74%,164, 2025-10-06 21:54:01.374104
Ralph Lauren Stadium Crossbody,339,75, 78%,162, 2025-09-17 00:35:29.864103
Hot Pink Snow Leopard Fedora,1516,900, 41%,161, 2025-08-20 19:51:45.780492
Black Iron Branches,1516,900, 41%,161, 2025-10-05 15:08:25.144087
Royal Crown - KSI,1086,600, 45%,160, 2025-09-12 19:55:09.826961
Kuddle E. Koala,1655,999, 40%,159, 2025-09-08 08:37:55.309505
Commando Skullcap,1510,900, 40%,157, 2025-10-08 16:29:27.273056
Commando Skullcap,1510,900, 40%,157, 2025-10-08 16:29:31.618523
Anime Hair,2781,1790, 36%,156, 2025-09-26 06:43:02.817145
Blue Pocket Pal,2363,1500, 37%,154, 2025-09-16 23:48:51.806074
Blue Pocket Pal,2363,1500, 37%,154, 2025-09-16 23:48:58.208765
Rusty Tetramino of Competence,1077,600, 44%,153, 2025-09-24 14:05:59.560931
Rusty Tetramino of Competence,1077,600, 44%,153, 2025-09-24 14:06:03.751870
Tailflipped Hat,3069,2000, 35%,148, 2025-09-13 19:10:45.456627
Shaggy,1639,1000, 39%,147, 2025-10-02 21:54:09.174348
Builderman Egg,854,450, 47%,147, 2025-09-26 04:08:33.919907
Sk9r Boi,1639,1000, 39%,147, 2025-10-12 23:21:06.920902
Anime Hair,2781,1800, 35%,146, 2025-09-26 06:43:18.098519
Anime Hair,2781,1800, 35%,146, 2025-09-26 06:43:25.205063
Arctic Hood,632,300, 53%,142, 2025-09-08 15:55:08.209970
Infinite Vault Star-glasses,913,500, 45%,139, 2025-09-14 18:18:07.318037
Infinite Vault Star-glasses,913,500, 45%,139, 2025-09-14 18:25:48.227607
Noob Attack: Pirate Peril,914,500, 45%,139, 2025-09-19 15:30:38.794082
White Ninfja Headband of the Unimpeachable Soul,1627,1000, 39%,138, 2025-09-30 20:38:59.181537
White Ninja Headband of the Unimpeachable Soul,1627,1000, 39%,138, 2025-09-30 20:39:08.144676
White Ninja Headband of the Unimpeachable Soul,1627,1000, 39%,138, 2025-09-30 20:39:16.977116
Tabby Egg,334,95, 72%,138, 2025-08-23 22:43:48.204453
Black Iron Branches,2054,1300, 37%,137, 2025-10-03 23:07:32.931128
DIY Rainbow Shaggy,1553,950, 39%,137, 2025-09-18 01:15:12.212289
Ninja Elf,908,500, 45%,135, 2025-09-05 16:05:13.047371
Royal Rabbit Ears,336,100, 70%,135, 2025-08-30 13:40:01.768198
Vans Obstacle Backpack with Skateboard,2333,1500, 36%,133, 2025-09-15 22:18:11.778715
Black Iron Branches,2032,1290, 37%,132, 2025-08-29 22:58:51.564664
Guardia in Exile,757,400, 47%,129, 2025-10-04 08:48:18.932203
Shaggy,1468,900, 39%,127, 2025-08-30 12:52:31.202072
Boombox Buddy,639,320, 50%,127, 2025-10-02 23:18:54.432778
Boombox Buddy,678,350, 48%,124, 2025-09-25 03:51:25.338237
Infinite Vault Star-glasses,889,500, 44%,122, 2025-09-12 15:22:18.520981
Noob Attack: Amerilaser Ambush,1245,750, 40%,121, 2025-10-13 19:29:24.880023
White Ninja Headband of the Unimpeachable Soul,1600,1001, 37%,119, 2025-09-17 03:18:38.357803
White Ninja Headband of the Unimpeachable Soul,1600,1001, 37%,119, 2025-09-17 03:18:46.502678
White Ninja Headband of the Unimpeachable Soul,1600,1001, 37%,119, 2025-09-17 03:18:50.335727
XXL Basketball Head,1955,1250, 36%,118, 2025-09-18 16:49:34.339105
Americat the Beautiful,1596,1000, 37%,117, 2025-08-31 23:13:09.103898
Christmas Baseball Cap,880,500, 43%,116, 2025-09-28 02:47:16.918620
LOL Day Cap,738,400, 46%,116, 2025-09-06 20:20:24.170591
Rainbow Pixels Bandana,452,200, 56%,116, 2025-09-24 04:44:36.566522
Egg of Verticality,308,100, 68%,115, 2025-09-23 16:49:18.426038
Shaggy,1878,1200, 36%,114, 2025-08-18 19:43:26.681490
Canadian Baseball Cap,1307,800, 39%,114, 2025-09-15 19:45:23.108376
Valentine Bounce Boppers,1021,600, 41%,114, 2025-09-06 20:19:51.996844
Rain Bophones,378,150, 60%,114, 2025-09-16 21:40:19.425849
Ethereal Ghost Egg,1162,700, 40%,113, 2025-10-01 17:55:12.697189
Royal Rabbit Ears,519,250, 52%,113, 2025-09-25 06:55:48.457237
Gold Headphones,1089,650, 40%,112, 2025-08-20 19:50:53.230334
White Fedora - George Ezra,875,500, 43%,112, 2025-10-12 19:42:08.597102
Snow Leopard Fedora,517,250, 52%,111, 2025-09-20 01:46:24.114825
Vans Obstacle Backpack with Skateboard,1727,1100, 36%,108, 2025-09-16 15:50:03.307775
Winter Lodge Snowglobe,725,400, 45%,107, 2025-08-29 22:59:10.371353
Brainfreeze Egg,290,96, 67%,107, 2025-08-24 21:31:35.430175
Black Unicorn Helm,1581,1000, 37%,106, 2025-09-18 16:47:18.277523
Black Unicorn Helm,1581,1000, 37%,106, 2025-09-18 16:47:25.136517
Black Unicorn Helm,1581,1000, 37%,106, 2025-09-18 16:47:30.843102
Gold Pilot Wings - Tate McRae,435,200, 54%,104, 2025-08-26 21:02:07.472900
Outrageous Builders Club Hard Hat,1118,679, 39%,103, 2025-09-14 17:29:39.037416
Kuddle E. Koala,1000,600, 40%,100, 2025-10-07 20:30:37.495770
NFL Draft Chain,992,600, 40%,94, 2025-10-11 15:31:24.988711
Turbo Builders Club Hard Hat,1272,800, 37%,90, 2025-10-04 23:12:49.025377
Ember Guardia,765,450, 41%,85, 2025-09-29 22:42:38.501976
Pink Penguin,694,400, 42%,85, 2025-10-05 16:26:17.244719
Rainbow Pixels Bandana,512,275, 46%,83, 2025-10-06 11:53:05.447712
Shaggy,1539,1000, 35%,77, 2025-10-04 16:25:47.729340
Starry Sleeping Cap,1396,900, 36%,77, 2025-10-03 22:52:40.197447
ROBLOX Camo Cap,385,200, 48%,69, 2025-10-01 17:57:02.028136
Cake Topper,234,95, 59%,68, 2025-09-30 15:14:20.970041
Frozen Swordpack,638,380, 40%,66, 2025-10-07 14:58:36.725523
Cake Topper,230,95, 59%,66, 2025-10-11 09:28:45.198770
Radioactive Egg of Undead Apocalypse,375,200, 47%,62, 2025-10-05 13:08:20.873635
Cake Topper,230,100, 57%,61, 2025-10-11 09:28:15.432104
Cake Topper,216,96, 56%,55, 2025-10-01 19:54:04.416208
Cake Topper,216,96, 56%,55, 2025-10-01 19:54:09.318056
Glorious Unicorn Headpiece,504,300, 40%,52, 2025-10-07 14:54:21.919772
Glorious Unicorn Headpiece,504,300, 40%,52, 2025-10-07 14:54:26.759377,10201,5000, 51%,2140, 2025-10-08 19:21:21.704684
Glorious Unicorn Headpiece,504,300, 40%,52, 2025-10-07 14:54:31.265307
Portrait of a Hero in ROBLOX,788,500, 37%,51, 2025-09-29 20:47:23.855535
Cake Topper,209,95, 55%,51, 2025-10-12 20:49:05.366036
Watermelon,353,200, 43%,47, 2025-10-05 09:19:43.073301
Cake Topper,207,98, 53%,46, 2025-10-04 14:29:14.224283
Chill Cap,779,500, 36%,45, 2025-10-03 22:01:24.746233
Egg of Flawless Deduction,493,300, 39%,45, 2025-10-07 16:31:35.881098
Boombox Buddy,633,400, 37%,43, 2025-10-05 12:55:58.232849
Cake Topper,277,150, 46%,43, 2025-09-29 22:43:01.530371
Elton John Eyewear - The Elton,585,370, 37%,39, 2025-10-02 18:14:13.590867
Elton John Eyewear - The Elton,585,370, 37%,39, 2025-10-02 18:14:19.037655
Elton John Eyewear - The Elton,585,370, 37%,39, 2025-10-02 18:14:23.547490
Eggo-trip,198,99, 50%,39, 2025-10-05 13:10:44.464010
Rainbow Pixels Bandana,484,300, 38%,38, 2025-10-01 17:56:19.394667
Rainbow Pixels Bandana,468,290, 38%,37, 2025-10-02 19:52:22.334225
Snowflake Winter Cap,579,370, 36%,35, 2025-10-13 19:54:29.964718
Back Axe Guitar,622,400, 36%,35, 2025-10-13 20:26:18.722748
Forever 21 Ice Queen Face Beanie,478,300, 37%,34, 2025-09-30 15:16:01.534731
Glorious Unicorn Headpiece,490,314, 36%,29, 2025-10-02 21:03:05.909576
Glorious Unicorn Headpiece,490,314, 36%,29, 2025-10-02 21:03:11.775547
Glorious Unicorn Headpiece,490,314, 36%,29, 2025-10-02 21:03:16.573173
Glorious Unicorn Headpiece,490,314, 36%,29, 2025-10-02 21:03:21.250388
Cake Topper,224,130, 42%,26, 2025-10-13 13:10:22.829562
Cake Topper,240,150, 37%,18, 2025-09-30 22:33:01.043330
Boxing Gloves - KSI,323,210, 35%,16, 2025-10-03 16:53:28.135559
Boxing Gloves - KSI,323,210, 35%,16, 2025-10-03 16:53:34.056492
2 Baddies Fur Hat - NCT 127, 1317, 800, 39%, 121, 2025-10-14 10:52:37.549704
Elegant Fabergé Egg of Fancy Times, 587, 350, 40%, 60, 2025-10-14 11:30:38.963986
Dreamweaver Fabergé Egg, 597, 350, 41%, 67, 2025-10-14 11:31:31.363290
Builderman Egg, 606, 340, 44%, 84, 2025-10-14 11:31:48.931654
Scrambled Egg, 935, 600, 36%, 54, 2025-10-14 11:32:01.352353
Royal Fabergé Egg, 614, 400, 35%, 29, 2025-10-14 11:32:24.624062
Boombox Buddy, 681, 400, 41%, 76, 2025-10-14 12:00:45.160139
Jeggyfish Friends, 665, 400, 40%, 65, 2025-10-14 12:01:40.238344
Orange Peel Fedora, 613, 400, 35%, 29, 2025-10-14 13:49:09.428954
The Masked Popcorn Enthusiast!, 1670, 1000, 40%, 169, 2025-10-14 18:31:37.639869
Cake Topper, 264, 150, 43%, 34, 2025-10-14 23:25:04.058204
Man City Crown, 692, 450, 35%, 34, 2025-10-15 13:26:51.813445
Eggressor, 379, 200, 47%, 65, 2025-10-15 16:50:11.959944
Pumpkin Pi, 1132, 700, 38%, 92, 2025-10-15 20:35:39.180431
Gobble Gobble, 565, 355, 37%, 40, 2025-10-15 20:37:25.154904
Kuddle E. Koala, 1100, 400, 64%, 370, 2025-10-15 22:08:43.758905
Snowflake Winter Cap, 548, 300, 45%, 83, 2025-10-15 22:08:50.048394
Radioactive Egg of Undead Apocalypse, 366, 200, 45%, 56, 2025-10-15 22:09:08.923106
Shiny Gold Egg of Switcheroo, 827, 300, 64%, 278, 2025-10-15 22:09:26.900215
Gobble Gobble, 549, 300, 45%, 84, 2025-10-15 22:10:49.322126
Arctic Hood, 461, 300, 35%, 22, 2025-10-15 22:11:00.893699
Ruby Serpent Mummy Mask, 671, 300, 55%, 169, 2025-10-15 22:11:10.164241
Ember Guardia, 737, 300, 59%, 215, 2025-10-15 22:12:04.568773
Fiery Egg of Egg Testing, 398, 200, 50%, 78, 2025-10-15 22:13:04.247383
Cake Topper, 255, 110, 57%, 68, 2025-10-15 22:20:27.197269
Business Cat, 1324, 455, 66%, 471, 2025-10-15 23:25:04.297197
Royal Rabbit Ears, 479, 300, 37%, 35, 2025-10-15 23:55:36.349263
Tasteless Bow Tie, 9425, 6000, 36%, 597, 2025-10-16 14:37:54.242884
Tasteless Bow Tie, 9425, 6000, 36%, 597, 2025-10-16 14:38:14.045168
Cake Topper, 256, 150, 41%, 29, 2025-10-16 17:37:53.458288
Shoulder Shark Cat, 880, 499, 43%, 117, 2025-10-16 18:26:45.924859
Back Axe Guitar, 791, 500, 37%, 53, 2025-10-16 19:14:02.516316
Gucci Diamond-Framed Sunglasses, 424, 95, 78%, 201, 2025-10-16 22:34:36.022109
Winter Top Hat, 3833, 2500, 35%, 183, 2025-10-16 22:38:02.434405
Shoulder Shark Cat, 849, 550, 35%, 44, 2025-10-16 23:04:44.459147
Gold Pilot Wings - Tate McRae, 801, 501, 37%, 59, 2025-10-17 09:16:21.536995
Rusty Tetramino of Competence, 910, 500, 45%, 137, 2025-10-17 12:21:11.034084
Take a Chance, 1762, 1000, 43%, 233, 2025-10-17 12:21:20.380152
Mariah's Red Dress - Mariah Carey, 872, 500, 43%, 110, 2025-10-17 15:25:37.685203
White Fedora - George Ezra, 777, 500, 36%, 43, 2025-10-17 15:57:23.772367
Super Bowl LVI Crown, 655, 400, 39%, 58, 2025-10-17 16:06:21.357971
Chill Cap, 756, 445, 41%, 84, 2025-10-17 18:17:04.238693
Cake Topper, 229, 135, 41%, 25, 2025-10-17 19:08:22.264137
Ultimate Victory, 919, 500, 46%, 143, 2025-10-17 20:55:31.952336
Turbo Builders Club Hard Hat, 1146, 500, 56%, 302, 2025-10-18 10:11:26.564115
Ninja Elf, 995, 650, 35%, 46, 2025-10-18 14:52:19.068587
Gold Clockwork Headphones, 6254, 4000, 36%, 377, 2025-10-18 15:41:51.819405
Disco Time Bowler, 14596, 9000, 38%, 1217, 2025-10-18 16:56:44.727659
NFL Wilson Golden Football Head, 638, 399, 37%, 47, 2025-10-18 20:14:12.880510
Royal Rabbit Ears, 411, 250, 39%, 37, 2025-10-18 21:42:43.662664
Regal Dragon Fabergé Egg, 493, 250, 49%, 95, 2025-10-18 21:43:27.739079
Noob Assist: Marvelous Mom, 1899, 1200, 37%, 129, 2025-10-18 22:01:25.146725
Noob Assist: Marvelous Mom, 1899, 1200, 37%, 129, 2025-10-18 22:01:30.416834
So Super Excited - Pink, 6445, 4000, 38%, 511, 2025-10-19 13:10:51.941290
So Super Excited - Pink, 6445, 4000, 38%, 511, 2025-10-19 13:11:13.563547
Noob Assist: Gingerbread Gratitude, 737, 400, 46%, 115, 2025-10-19 17:42:00.380433
Flaming Hedgehog Cannon, 31668, 19999, 37%, 2168, 2025-10-19 17:47:01.495697
Flaming Hedgehog Cannon, 31668, 19999, 37%, 2168, 2025-10-19 17:47:44.360093
ROBLOX Camo Cap, 495, 300, 39%, 46, 2025-10-20 13:32:00.762074
ROBLOX Camo Cap, 495, 250, 49%, 96, 2025-10-20 13:32:25.511245
Snowflake Styles, 1228, 750, 39%, 109, 2025-10-20 14:44:58.697304
Egg of Space, 691, 450, 35%, 33, 2025-10-20 14:53:01.995384
Frozen Swordpack, 778, 500, 36%, 44, 2025-10-20 18:40:05.358179
Green Amazeface, 4783, 2, 100%, 3346, 2025-10-20 21:12:48.990793
Ace of Hearts, 24949, 10000, 60%, 7464, 2025-10-20 21:35:29.201324
Cake Topper, 249, 95, 62%, 79, 2025-10-20 22:58:54.244172
Boombox Buddy, 542, 350, 35%, 29, 2025-10-21 14:49:49.557411
Boombox Buddy, 542, 350, 35%, 29, 2025-10-21 14:49:55.924213
Boombox Buddy, 542, 350, 35%, 29, 2025-10-21 14:50:00.884509
Purple Shaggy, 56814, 33333, 41%, 6436, 2025-10-21 17:29:22.745513
Blue Goof, 2990, 1500, 50%, 593, 2025-10-21 18:09:33.296156
Valentine's Day Cap 2014, 638, 400, 37%, 46, 2025-10-21 22:02:04.866134
Egg of Space, 667, 400, 40%, 66, 2025-10-21 22:04:51.138340
Fiery Egg of Egg Testing, 341, 200, 41%, 38, 2025-10-21 22:12:29.701696
Gucci Diamond-Framed Sunglasses, 398, 250, 37%, 28, 2025-10-21 23:13:26.603790
Bluesteel Egg of Genius, 2500, 1200, 52%, 550, 2025-10-22 20:01:10.763138
Rusty Tetramino of Competence, 927, 500, 46%, 148, 2025-10-22 20:04:24.779483
Gold Tetramino of Mastery, 1352, 800, 41%, 146, 2025-10-22 20:05:34.129108
Eggcognito Egg, 404, 250, 38%, 32, 2025-10-22 20:17:12.615362
Starry Sleeping Cap, 1280, 705, 45%, 191, 2025-10-22 22:39:38.978260
Captain Steampunk, 537, 333, 38%, 42, 2025-10-22 22:40:41.906793
XXL Football Head, 634, 400, 37%, 43, 2025-10-23 18:57:14.491384
Mandrake Root, 7686, 4500, 41%, 880, 2025-10-23 20:10:18.667444
LOL Day Cap, 544, 250, 54%, 130, 2025-10-23 20:57:36.922095
Gold Clockwork Headphones, 5298, 95, 98%, 3613, 2025-10-23 22:31:00.774017
Gold Clockwork Headphones, 5298, 95, 98%, 3613, 2025-10-23 22:31:10.187496
I LOLRUS, 12164, 6666, 45%, 1848, 2025-10-23 23:03:12.274902
Noob Attack: Frozen Crossbow Collision, 792, 499, 37%, 55, 2025-10-24 12:26:27.866534
Noob Attack: Frozen Crossbow Collision, 792, 499, 37%, 55, 2025-10-24 12:26:32.344030
Firebrand Wings, 14413, 9000, 38%, 1089, 2025-10-24 13:03:58.123239
Arctic Hood, 501, 300, 40%, 50, 2025-10-24 14:07:50.930219
Arctic Hood, 501, 300, 40%, 50, 2025-10-24 14:07:55.984683
Arctic Hood, 501, 300, 40%, 50, 2025-10-24 14:08:00.856556
Black Iron Branches, 1224, 800, 35%, 56, 2025-10-24 15:23:38.886612
Black Iron Branches, 1224, 800, 35%, 56, 2025-10-24 15:23:54.276663
Black Iron Branches, 1224, 800, 35%, 56, 2025-10-24 15:23:58.588334
Frozen Swordpack, 716, 450, 37%, 51, 2025-10-24 15:27:21.567957
Frozen Swordpack, 716, 450, 37%, 51, 2025-10-24 15:27:27.491091
Blue 8-Bit Antlers, 3030, 1900, 37%, 221, 2025-10-24 19:46:01.288780
Tee Vee, 2130, 1200, 44%, 291, 2025-10-24 19:47:35.413020
Holo Vestiges, 1253, 800, 36%, 77, 2025-10-24 20:36:17.858082
Sparkle Time Heggphones, 2400, 1428, 40%, 252, 2025-10-24 20:38:02.200582
DarkAge Nunchuks, 3383, 2200, 35%, 168, 2025-10-24 20:39:10.097864
Winter Top Hat, 3552, 2200, 38%, 286, 2025-10-24 20:40:22.792139
Crimson Periastron Crown, 6090, 3950, 35%, 313, 2025-10-24 20:45:23.753008
Dr. Spooks Magic Top Hat, 1392, 700, 50%, 274, 2025-10-24 21:04:08.396993
Aztec Golden Eagle, 2003, 1199, 40%, 203, 2025-10-24 21:48:57.434454
LOL Day Cap, 505, 300, 41%, 53, 2025-10-24 22:00:45.061803
Ember Guardia, 743, 400, 46%, 120, 2025-10-24 22:06:28.483909
8-Bit HP Bar, 12789, 95, 99%, 8857, 2025-10-25 10:49:24.619695
Cake Topper, 234, 150, 36%, 13, 2025-10-25 15:28:21.046055
Chaos Canyon Sugar Egg, 359, 200, 44%, 51, 2025-10-25 18:48:59.852740
Green Goof, 2890, 1800, 38%, 222, 2025-10-25 19:16:37.250886
Cake Topper, 208, 95, 54%, 50, 2025-10-25 19:58:05.247927
Thought Fortress, 8555, 5000, 42%, 988, 2025-10-25 20:12:02.804704
Achievement Medal, 4822, 3000, 38%, 375, 2025-10-25 21:26:37.590045
Heart Hat, 1261, 95, 92%, 787, 2025-10-25 22:43:18.235309
Fiery Egg of Egg Testing, 1828, 300, 84%, 979, 2025-10-26 13:05:25.589339
Fiery Egg of Egg Testing, 664, 400, 40%, 64, 2025-10-26 13:12:12.513309
Man City Crown, 611, 400, 35%, 27, 2025-10-26 17:33:41.834032
Builderman Egg, 531, 300, 44%, 71, 2025-10-26 17:50:23.528378
ROBLOX Madness Face, 73430, 48000, 35%, 3401, 2025-10-26 18:29:58.340927
ROBLOX Madness Face, 73430, 48000, 35%, 3401, 2025-10-26 18:30:14.081057
Blue Swashbuckler, 1363, 865, 37%, 89, 2025-10-27 08:55:36.079041
Inspector Catpunk, 4365, 2500, 43%, 555, 2025-10-27 09:13:41.379866Traffic Cone, 3630, 1000, 72%, 1541, 2025-10-27 09:52:34.677431
Radioactive Egg of Undead Apocalypse, 343, 200, 42%, 40, 2025-10-27 09:55:15.643260
Halloween Baseball Cap 2014, 671, 400, 40%, 69, 2025-10-27 10:56:31.283257
ROBLOX Camo Cap, 494, 300, 39%, 45, 2025-10-27 10:57:01.387919
Snow Leopard Fedora, 661, 400, 39%, 62, 2025-10-27 15:50:00.760302
Blizzard Beast Mode Bandana, 2487, 1500, 40%, 240, 2025-10-27 17:03:01.741340
XXL Football Head, 613, 400, 35%, 29, 2025-10-27 17:05:34.243110
The Requiem, 3239, 2000, 38%, 267, 2025-10-27 17:20:08.548667
Starry Sleeping Cap, 1296, 800, 38%, 107, 2025-10-27 18:23:45.236475
Extremely Sparkly Sparkle Chicken, 7851, 5000, 36%, 495, 2025-10-27 18:42:31.805203
Extremely Sparkly Sparkle Chicken, 7851, 5000, 36%, 495, 2025-10-27 18:43:10.390357
Noob Assist: Donut Dash, 912, 500, 45%, 138, 2025-10-27 18:46:18.493575
Noob Assist: Donut Dash, 871, 500, 43%, 109, 2025-10-27 18:46:45.701428
Gold Headphones, 961, 600, 38%, 72, 2025-10-27 19:20:28.747605
Gadgets Bandolier, 3714, 2000, 46%, 599, 2025-10-27 20:56:14.495922
Gadgets Bandolier, 3714, 2000, 46%, 599, 2025-10-27 20:56:21.161194
Gadgets Bandolier, 3714, 2000, 46%, 599, 2025-10-27 20:56:25.433083
Cake Topper, 244, 150, 39%, 20, 2025-10-28 18:38:35.177751
Cake Topper, 232, 150, 35%, 12, 2025-10-29 20:31:38.594755
Tickets Tie, 499, 300, 40%, 49, 2025-10-29 21:12:01.822661
Chill Cap, 764, 500, 35%, 34, 2025-10-29 23:13:58.959090
DIY Clockwork, 2038, 1000, 51%, 426, 2025-10-30 20:12:03.251472
Cosmo Sloth, 472, 250, 47%, 80, 2025-10-30 23:43:57.927684
The Last Egg of 2012, 385, 200, 48%, 69, 2025-10-31 16:52:10.368297
Santa Earmuffs, 708, 428, 40%, 67, 2025-11-01 13:26:56.125499
White Ninja Headband of the Unimpeachable Soul, 1736, 1000, 42%, 215, 2025-11-01 13:40:05.100454
Golden Crown, 19312, 10000, 48%, 3518, 2025-11-01 14:25:39.254971
Specter Time Fedora, 3933, 1989, 49%, 764, 2025-11-01 15:07:59.982599
Helsworn Valkyrie, 22697, 2300, 90%, 13587, 2025-11-01 16:50:57.982998
Master of Disguise Mustache, 793, 500, 37%, 55, 2025-11-01 17:20:10.349142
Silverthorn Antlers, 6162, 1750, 72%, 2563, 2025-11-01 18:51:00.912015
Gucci Horsebit 1955 Shoulder Bag 3.0, 480, 300, 37%, 36, 2025-11-01 18:58:33.426694
Cake Topper, 272, 160, 41%, 30, 2025-11-01 19:00:38.781782
Builderman Egg, 497, 275, 45%, 72, 2025-11-01 19:01:05.912998
Ochre Ogre, 15854, 8572, 46%, 2525, 2025-11-01 19:22:14.665766
Panda Knit, 3044, 1900, 38%, 230, 2025-11-01 19:32:33.076746
Snow Leopard Fedora, 672, 300, 55%, 170, 2025-11-01 19:58:04.391101
Cake Topper, 258, 95, 63%, 85, 2025-11-01 19:58:35.080039
Ember Guardia, 644, 400, 38%, 50, 2025-11-01 21:46:06.726472
Gingerbread Visor, 657, 400, 39%, 59, 2025-11-01 22:16:32.755923
Pink Eye, 1959, 1200, 39%, 171, 2025-11-01 22:24:05.180070
BIG: Bighead Santa, 2405, 1500, 38%, 183, 2025-11-01 22:27:31.942295
Master of Disguise Mustache, 755, 486, 36%, 42, 2025-11-01 22:41:01.994429
Specter Time Fedora, 3837, 2000, 48%, 685, 2025-11-01 22:49:47.186771
Extinct Egg of Dino On Ice, 384, 200, 48%, 68, 2025-11-02 11:18:33.769227
8-Bit HP Bar, 13404, 8600, 36%, 782, 2025-11-02 11:45:14.712191
Green Starface, 3166, 2000, 37%, 216, 2025-11-02 12:39:19.012415
Outrageous Builders Club Hard Hat, 973, 500, 49%, 181, 2025-11-02 16:45:22.404691
Take a Chance, 1650, 1000, 39%, 155, 2025-11-02 16:46:30.541106
Forever 21 Bejeweled Spiked Face Beanie, 471, 250, 47%, 79, 2025-11-02 17:13:33.776901
Xanwood Fedora, 7713, 5000, 35%, 399, 2025-11-02 18:10:27.102311
Sword Fight on the Heights Sugar Egg, 5460, 1093, 80%, 2728, 2025-11-02 18:57:16.433097
Egg of Space, 590, 299, 49%, 114, 2025-11-02 19:04:40.296310
Golden Pilgrim Hat, 502, 300, 40%, 51, 2025-11-02 19:06:38.543353
Scrambled Egg, 814, 500, 39%, 69, 2025-11-02 19:06:51.786406
Eggo-trip, 221, 120, 46%, 34, 2025-11-02 19:07:27.177654
Sword Fight on the Heights Sugar Egg, 3121, 1000, 68%, 1184, 2025-11-02 19:14:03.139639
The Last Egg of 2012, 485, 300, 38%, 39, 2025-11-02 19:14:34.871713
Ruby Filigree Fabergé Egg, 502, 270, 46%, 81, 2025-11-02 19:14:40.301687
Azurewrath Fabergé Egg, 793, 450, 43%, 105, 2025-11-02 19:15:06.821901
Egg of All-Devouring Darkness, 421, 270, 36%, 24, 2025-11-02 19:24:43.273224
Extinct Egg of Dino On Ice, 364, 222, 39%, 32, 2025-11-02 20:04:39.447271
Egg of Equinox: Night, 391, 211, 46%, 62, 2025-11-02 20:05:40.962410
Wanwood Visor, 1221, 788, 35%, 66, 2025-11-02 20:33:59.953118
Egg of Flawless Deduction, 487, 300, 38%, 40, 2025-11-02 20:35:47.810050
Egg of Space, 561, 344, 39%, 48, 2025-11-02 20:37:45.661252
Snow Leopard Fedora, 615, 400, 35%, 30, 2025-11-02 20:39:35.312752
ROBLOX Camo Cap, 451, 277, 39%, 38, 2025-11-02 20:41:28.523055
LOL Day Cap, 460, 300, 35%, 22, 2025-11-02 21:20:50.409108
Watermelon, 324, 177, 45%, 49, 2025-11-02 21:21:23.349553
Halloween 2011 Paintball Cap, 1047, 677, 35%, 55, 2025-11-02 21:23:20.514840
Extinct Egg of Dino On Ice, 350, 199, 43%, 45, 2025-11-02 21:23:51.128292
Ethereal Ghost Egg, 1065, 675, 37%, 70, 2025-11-02 21:26:28.059795
Sapphire Evil Eye, 3280, 2000, 39%, 296, 2025-11-03 12:29:10.829044
Undead Sailor, 9506, 4000, 58%, 2654, 2025-11-03 12:34:58.835873
Undead Sailor, 9506, 4000, 58%, 2654, 2025-11-03 12:35:04.802910
Korblox Ice Crown, 3342, 2000, 40%, 339, 2025-11-03 12:36:47.527320
Scenic Egg of the Clouds, 493, 300, 39%, 45, 2025-11-03 12:41:02.248473
Crossroads Sugar Egg, 577, 350, 39%, 53, 2025-11-03 18:33:28.744604
Jeggyfish Friends, 603, 386, 36%, 36, 2025-11-03 18:38:16.250271
Noob Attack: Crescendo Crusher, 1175, 600, 49%, 222, 2025-11-03 18:58:29.419822
Black Iron Antlers, 11337, 7000, 38%, 935, 2025-11-03 23:19:56.117987
White Ninja Headband of the Unimpeachable Soul, 1628, 920, 43%, 219, 2025-11-04 17:42:45.069438
Real Scorching Frost Stunnas, 2985, 1500, 50%, 589, 2025-11-04 21:20:15.909786
LOL Day Cap, 464, 300, 35%, 24, 2025-11-04 22:29:12.932721
LOL Day Cap, 464, 300, 35%, 24, 2025-11-04 22:29:17.074517
LOL Day Cap, 464, 300, 35%, 24, 2025-11-04 22:29:22.076623
LOL Day Cap, 464, 300, 35%, 24, 2025-11-04 22:29:26.080255